query,answer
生成2023年1月份的销售报告,"

根据提供的销售数据，以下是各产品类别的销售情况总结及推荐策略：

---

### **一、销售情况总结**
| **产品类别**     | **销售数量** | **总销售额（元）** | **占比**       |
|------------------|--------------|--------------------|----------------|
| 台式机           | 6            | 136,572            | 8.2%           |
| 笔记本电脑       | 9            | 379,057            | 22.8%          |
| 游戏本           | 1            | 51,996             | 3.1%           |
| 服务器           | 1            | 45,000             | 2.7%           |
| 移动工作站       | 2            | 74,997             | 4.5%           |
| 一体机           | 1            | 23,998             | 1.4%           |
| 工作站（其他）   | 2            | 113,997            | 6.9%           |
| **其他/未分类**  | -            | 24,999             | 1.5%           |
| **总计**         | **22**       | **1,750,626**      | **100%**       |

---

### **二、推荐销售策略**
#### **1. 重点推广高利润产品**
- **笔记本电脑**和**工作站**是销售额最高的类别（占比22.8% + 6.9% = 29.7%），应加大市场推广力度，尤其是针对企业客户和高性能需求用户。
- **游戏本**虽销量低（仅1台），但单价高（51,996元），建议通过电竞赛事合作或线上直播带货提升曝光率。

#### **2. 优化台式机销售组合**
- 台式机销售额占比8.2%，但销量占总销量27.3%（6/22），说明单价较低。建议推出**高配台式机套餐**（如搭配显示器、外设），提升客单价。

#### **3. 挖掘服务器市场潜力**
- 服务器仅售1台（45,000元），但潜在客户群（企业、数据中心）需求明确。建议组建**技术顾问团队**，提供定制化解决方案，吸引B端客户。

#### **4. 拓展移动工作站和一体机场景**
- **移动工作站**（74,997元）和**一体机**（23,998元）销量低，但适用教育、设计等行业。可联合行业展会推广，推出**行业专属优惠**（如教育机构批量采购折扣）。

#### **5. 数据驱动的库存管理**
- 根据历史销售数据，**笔记本电脑**和**工作站**需求稳定，建议增加库存；**游戏本**和**一体机**需求波动大，按需采购以避免积压。

#### **6. 会员体系与交叉销售**
- 针对高消费客户（如购买笔记本电脑或工作站的用户），建立**VIP会员体系**，提供配件折扣、延保服务，促进复购和交叉销售。

---

### **三、风险提示**
- **数据不完整性**：部分订单产品类别需进一步确认（如订单1026的24,999元未分类），建议完善数据记录。
- **市场竞争**：笔记本电脑和工作站市场竞争激烈，需强化品牌差异化（如售后服务、定制化功能）。

---

通过以上策略，可优化资源配置，提升高利润产品销售额，并增强客户粘性。"
